outer_fold,task,feature,coefficient,selected_candidate
1,utility,num::qrsbt_relevance_probability,-0.26130041148961664,10.0
1,utility,num::qrsbt_confidence,0.12140301778623376,10.0
1,utility,num::qrsbt_support_score,0.0,10.0
1,utility,num::base_rank,-0.07085366205365176,10.0
1,utility,action::PLACE_AT_2,-0.08098340874811749,10.0
1,utility,action::PLACE_AT_3,-0.18918853695324575,10.0
1,utility,action::PLACE_AT_5,-0.5438552036199127,10.0
1,utility,action::PLACE_AT_10,-1.3531885369532475,10.0
1,utility,interaction::qrsbt_relevance_probability__PLACE_AT_2,-0.010830808278124571,10.0
1,utility,interaction::qrsbt_relevance_probability__PLACE_AT_3,0.051278973971406315,10.0
1,utility,interaction::qrsbt_relevance_probability__PLACE_AT_5,0.08955829886208172,10.0
1,utility,interaction::qrsbt_relevance_probability__PLACE_AT_10,0.24209131055381186,10.0
1,utility,interaction::qrsbt_confidence__PLACE_AT_2,0.07168033999047571,10.0
1,utility,interaction::qrsbt_confidence__PLACE_AT_3,0.17608181351131333,10.0
1,utility,interaction::qrsbt_confidence__PLACE_AT_5,0.009709386171805372,10.0
1,utility,interaction::qrsbt_confidence__PLACE_AT_10,-0.047110748527901466,10.0
1,utility,interaction::qrsbt_support_score__PLACE_AT_2,0.0,10.0
1,utility,interaction::qrsbt_support_score__PLACE_AT_3,0.0,10.0
1,utility,interaction::qrsbt_support_score__PLACE_AT_5,0.0,10.0
1,utility,interaction::qrsbt_support_score__PLACE_AT_10,0.0,10.0
1,utility,interaction::base_rank__PLACE_AT_2,0.011295941290360727,10.0
1,utility,interaction::base_rank__PLACE_AT_3,0.05234374029937421,10.0
1,utility,interaction::base_rank__PLACE_AT_5,0.07454577494076782,10.0
1,utility,interaction::base_rank__PLACE_AT_10,0.021660561668007665,10.0
1,irrelevant,num::qrsbt_relevance_probability,0.15657314867556224,0.05
1,irrelevant,num::qrsbt_confidence,-0.1554606804971906,0.05
1,irrelevant,num::qrsbt_support_score,0.0,0.05
1,irrelevant,num::base_rank,0.08055700276663563,0.05
1,irrelevant,action::PLACE_AT_2,0.01784327063783053,0.05
1,irrelevant,action::PLACE_AT_3,0.11890501314986124,0.05
1,irrelevant,action::PLACE_AT_5,-0.12772805711924035,0.05
1,irrelevant,action::PLACE_AT_10,-0.3563321773972291,0.05
1,irrelevant,interaction::qrsbt_relevance_probability__PLACE_AT_2,-0.09354950966992194,0.05
1,irrelevant,interaction::qrsbt_relevance_probability__PLACE_AT_3,-0.03724336266771941,0.05
1,irrelevant,interaction::qrsbt_relevance_probability__PLACE_AT_5,0.1879895270286499,0.05
1,irrelevant,interaction::qrsbt_relevance_probability__PLACE_AT_10,-0.10637792484686341,0.05
1,irrelevant,interaction::qrsbt_confidence__PLACE_AT_2,-0.06287639839093082,0.05
1,irrelevant,interaction::qrsbt_confidence__PLACE_AT_3,-0.014117713735201627,0.05
1,irrelevant,interaction::qrsbt_confidence__PLACE_AT_5,0.0016724677749870621,0.05
1,irrelevant,interaction::qrsbt_confidence__PLACE_AT_10,0.1097151787613717,0.05
1,irrelevant,interaction::qrsbt_support_score__PLACE_AT_2,0.0,0.05
1,irrelevant,interaction::qrsbt_support_score__PLACE_AT_3,0.0,0.05
1,irrelevant,interaction::qrsbt_support_score__PLACE_AT_5,0.0,0.05
1,irrelevant,interaction::qrsbt_support_score__PLACE_AT_10,0.0,0.05
1,irrelevant,interaction::base_rank__PLACE_AT_2,0.03742106791054097,0.05
1,irrelevant,interaction::base_rank__PLACE_AT_3,0.14400356972239817,0.05
1,irrelevant,interaction::base_rank__PLACE_AT_5,-0.03663022421474645,0.05
1,irrelevant,interaction::base_rank__PLACE_AT_10,0.11878116910387393,0.05
1,false_warmup,num::qrsbt_relevance_probability,-0.019267938836823352,0.05
1,false_warmup,num::qrsbt_confidence,0.19469130668581008,0.05
1,false_warmup,num::qrsbt_support_score,0.0,0.05
1,false_warmup,num::base_rank,0.015734538749746205,0.05
1,false_warmup,action::PLACE_AT_2,0.20302221118292402,0.05
1,false_warmup,action::PLACE_AT_3,0.10620552767292345,0.05
1,false_warmup,action::PLACE_AT_5,0.07995030907705823,0.05
1,false_warmup,action::PLACE_AT_10,-0.5913880713937124,0.05
1,false_warmup,interaction::qrsbt_relevance_probability__PLACE_AT_2,-0.03695906584722123,0.05
1,false_warmup,interaction::qrsbt_relevance_probability__PLACE_AT_3,-0.09511985095823461,0.05
1,false_warmup,interaction::qrsbt_relevance_probability__PLACE_AT_5,-0.08657030265775154,0.05
1,false_warmup,interaction::qrsbt_relevance_probability__PLACE_AT_10,-0.057271471613800085,0.05
1,false_warmup,interaction::qrsbt_confidence__PLACE_AT_2,0.02509986958651962,0.05
1,false_warmup,interaction::qrsbt_confidence__PLACE_AT_3,-0.03371739571359158,0.05
1,false_warmup,interaction::qrsbt_confidence__PLACE_AT_5,-0.02194111737418968,0.05
1,false_warmup,interaction::qrsbt_confidence__PLACE_AT_10,-0.04024767693384568,0.05
1,false_warmup,interaction::qrsbt_support_score__PLACE_AT_2,0.0,0.05
1,false_warmup,interaction::qrsbt_support_score__PLACE_AT_3,0.0,0.05
1,false_warmup,interaction::qrsbt_support_score__PLACE_AT_5,0.0,0.05
1,false_warmup,interaction::qrsbt_support_score__PLACE_AT_10,0.0,0.05
1,false_warmup,interaction::base_rank__PLACE_AT_2,0.00753268667149679,0.05
1,false_warmup,interaction::base_rank__PLACE_AT_3,0.0074412457147142825,0.05
1,false_warmup,interaction::base_rank__PLACE_AT_5,-0.0701712376749319,0.05
1,false_warmup,interaction::base_rank__PLACE_AT_10,0.007100373993694018,0.05
1,worst_utility,num::qrsbt_relevance_probability,0.1322711380714549,0.05
1,worst_utility,num::qrsbt_confidence,0.0373875917283173,0.05
1,worst_utility,num::qrsbt_support_score,0.0,0.05
1,worst_utility,num::base_rank,0.16462043686229108,0.05
1,worst_utility,action::PLACE_AT_2,0.02397867276968388,0.05
1,worst_utility,action::PLACE_AT_3,-0.01634845864972748,0.05
1,worst_utility,action::PLACE_AT_5,0.1846664055793054,0.05
1,worst_utility,action::PLACE_AT_10,-0.056705301664875724,0.05
1,worst_utility,interaction::qrsbt_relevance_probability__PLACE_AT_2,0.018052613127276573,0.05
1,worst_utility,interaction::qrsbt_relevance_probability__PLACE_AT_3,0.06256657525864287,0.05
1,worst_utility,interaction::qrsbt_relevance_probability__PLACE_AT_5,-0.059814437848788954,0.05
1,worst_utility,interaction::qrsbt_relevance_probability__PLACE_AT_10,-0.05324622134712297,0.05
1,worst_utility,interaction::qrsbt_confidence__PLACE_AT_2,-0.03178880350580512,0.05
1,worst_utility,interaction::qrsbt_confidence__PLACE_AT_3,-0.02022272334551619,0.05
1,worst_utility,interaction::qrsbt_confidence__PLACE_AT_5,-0.011220348123667099,0.05
1,worst_utility,interaction::qrsbt_confidence__PLACE_AT_10,-0.04885654997090261,0.05
1,worst_utility,interaction::qrsbt_support_score__PLACE_AT_2,0.0,0.05
1,worst_utility,interaction::qrsbt_support_score__PLACE_AT_3,0.0,0.05
1,worst_utility,interaction::qrsbt_support_score__PLACE_AT_5,0.0,0.05
1,worst_utility,interaction::qrsbt_support_score__PLACE_AT_10,0.0,0.05
1,worst_utility,interaction::base_rank__PLACE_AT_2,-0.029642773185546357,0.05
1,worst_utility,interaction::base_rank__PLACE_AT_3,-0.061141025949556525,0.05
1,worst_utility,interaction::base_rank__PLACE_AT_5,-0.08594262264930691,0.05
1,worst_utility,interaction::base_rank__PLACE_AT_10,0.10515653699290647,0.05
1,p10_utility,num::qrsbt_relevance_probability,-0.009258243630753029,1.0
1,p10_utility,num::qrsbt_confidence,0.2804964860815938,1.0
1,p10_utility,num::qrsbt_support_score,0.0,1.0
1,p10_utility,num::base_rank,0.1960810588874499,1.0
1,p10_utility,action::PLACE_AT_2,0.5657173964736627,1.0
1,p10_utility,action::PLACE_AT_3,0.07180684350460755,1.0
1,p10_utility,action::PLACE_AT_5,0.03506708447899907,1.0
1,p10_utility,action::PLACE_AT_10,-2.981509408706678,1.0
1,p10_utility,interaction::qrsbt_relevance_probability__PLACE_AT_2,-0.23629571066460633,1.0
1,p10_utility,interaction::qrsbt_relevance_probability__PLACE_AT_3,-0.5286843181251925,1.0
1,p10_utility,interaction::qrsbt_relevance_probability__PLACE_AT_5,-0.24818795465998672,1.0
1,p10_utility,interaction::qrsbt_relevance_probability__PLACE_AT_10,0.017543335977544795,1.0
1,p10_utility,interaction::qrsbt_confidence__PLACE_AT_2,0.3231007019961366,1.0
1,p10_utility,interaction::qrsbt_confidence__PLACE_AT_3,0.05222993558512066,1.0
1,p10_utility,interaction::qrsbt_confidence__PLACE_AT_5,-0.6077943787902748,1.0
1,p10_utility,interaction::qrsbt_confidence__PLACE_AT_10,-0.2971830450484542,1.0
1,p10_utility,interaction::qrsbt_support_score__PLACE_AT_2,0.0,1.0
1,p10_utility,interaction::qrsbt_support_score__PLACE_AT_3,0.0,1.0
1,p10_utility,interaction::qrsbt_support_score__PLACE_AT_5,0.0,1.0
1,p10_utility,interaction::qrsbt_support_score__PLACE_AT_10,0.0,1.0
1,p10_utility,interaction::base_rank__PLACE_AT_2,0.04185902031528445,1.0
1,p10_utility,interaction::base_rank__PLACE_AT_3,-0.10061346466637276,1.0
1,p10_utility,interaction::base_rank__PLACE_AT_5,0.10566646824493663,1.0
1,p10_utility,interaction::base_rank__PLACE_AT_10,-0.17891102924603708,1.0
2,utility,num::qrsbt_relevance_probability,-0.17979927544235216,1.0
2,utility,num::qrsbt_confidence,0.04739037155788409,1.0
2,utility,num::qrsbt_support_score,0.0,1.0
2,utility,num::base_rank,-0.33774234041075285,1.0
2,utility,action::PLACE_AT_2,-0.18383779614325577,1.0
2,utility,action::PLACE_AT_3,-0.27684055096419247,1.0
2,utility,action::PLACE_AT_5,-0.674857079889813,1.0
2,utility,action::PLACE_AT_10,-1.593424573002762,1.0
2,utility,interaction::qrsbt_relevance_probability__PLACE_AT_2,0.006318099633431432,1.0
2,utility,interaction::qrsbt_relevance_probability__PLACE_AT_3,0.09069990754591066,1.0
2,utility,interaction::qrsbt_relevance_probability__PLACE_AT_5,0.19386046542935567,1.0
2,utility,interaction::qrsbt_relevance_probability__PLACE_AT_10,0.2491793255768508,1.0
2,utility,interaction::qrsbt_confidence__PLACE_AT_2,0.0519765010714251,1.0
2,utility,interaction::qrsbt_confidence__PLACE_AT_3,0.1353401145362604,1.0
2,utility,interaction::qrsbt_confidence__PLACE_AT_5,-0.042052815276403324,1.0
2,utility,interaction::qrsbt_confidence__PLACE_AT_10,-0.001719066507246955,1.0
2,utility,interaction::qrsbt_support_score__PLACE_AT_2,0.0,1.0
2,utility,interaction::qrsbt_support_score__PLACE_AT_3,0.0,1.0
2,utility,interaction::qrsbt_support_score__PLACE_AT_5,0.0,1.0
2,utility,interaction::qrsbt_support_score__PLACE_AT_10,0.0,1.0
2,utility,interaction::base_rank__PLACE_AT_2,0.02634053166313248,1.0
2,utility,interaction::base_rank__PLACE_AT_3,0.1829826812206683,1.0
2,utility,interaction::base_rank__PLACE_AT_5,0.2123704902836988,1.0
2,utility,interaction::base_rank__PLACE_AT_10,0.24532589271474264,1.0
2,irrelevant,num::qrsbt_relevance_probability,0.19373202146636653,0.05
2,irrelevant,num::qrsbt_confidence,-0.17393324657133008,0.05
2,irrelevant,num::qrsbt_support_score,0.0,0.05
2,irrelevant,num::base_rank,0.05335523992032466,0.05
2,irrelevant,action::PLACE_AT_2,0.005010574679473946,0.05
2,irrelevant,action::PLACE_AT_3,0.027012062353086615,0.05
2,irrelevant,action::PLACE_AT_5,-0.12132948666543336,0.05
2,irrelevant,action::PLACE_AT_10,-0.3745526914233225,0.05
2,irrelevant,interaction::qrsbt_relevance_probability__PLACE_AT_2,0.02975148553232302,0.05
2,irrelevant,interaction::qrsbt_relevance_probability__PLACE_AT_3,-0.040734712925263025,0.05
2,irrelevant,interaction::qrsbt_relevance_probability__PLACE_AT_5,0.1519223343751878,0.05
2,irrelevant,interaction::qrsbt_relevance_probability__PLACE_AT_10,-0.12144649855980752,0.05
2,irrelevant,interaction::qrsbt_confidence__PLACE_AT_2,-0.03001329076579163,0.05
2,irrelevant,interaction::qrsbt_confidence__PLACE_AT_3,0.015009157148941422,0.05
2,irrelevant,interaction::qrsbt_confidence__PLACE_AT_5,0.02281720518665636,0.05
2,irrelevant,interaction::qrsbt_confidence__PLACE_AT_10,0.15200170105561153,0.05
2,irrelevant,interaction::qrsbt_support_score__PLACE_AT_2,0.0,0.05
2,irrelevant,interaction::qrsbt_support_score__PLACE_AT_3,0.0,0.05
2,irrelevant,interaction::qrsbt_support_score__PLACE_AT_5,0.0,0.05
2,irrelevant,interaction::qrsbt_support_score__PLACE_AT_10,0.0,0.05
2,irrelevant,interaction::base_rank__PLACE_AT_2,0.05756655909110265,0.05
2,irrelevant,interaction::base_rank__PLACE_AT_3,-0.014058221086655567,0.05
2,irrelevant,interaction::base_rank__PLACE_AT_5,0.0015615813195384684,0.05
2,irrelevant,interaction::base_rank__PLACE_AT_10,0.17327476388832053,0.05
2,false_warmup,num::qrsbt_relevance_probability,-0.11667837622271705,0.05
2,false_warmup,num::qrsbt_confidence,0.23520093089296834,0.05
2,false_warmup,num::qrsbt_support_score,0.0,0.05
2,false_warmup,num::base_rank,0.06291286317983501,0.05
2,false_warmup,action::PLACE_AT_2,0.15634556284593948,0.05
2,false_warmup,action::PLACE_AT_3,0.133158749246544,0.05
2,false_warmup,action::PLACE_AT_5,0.06047051023345342,0.05
2,false_warmup,action::PLACE_AT_10,-0.5767333805311439,0.05
2,false_warmup,interaction::qrsbt_relevance_probability__PLACE_AT_2,-0.0282735662407957,0.05
2,false_warmup,interaction::qrsbt_relevance_probability__PLACE_AT_3,-0.11321416049817684,0.05
2,false_warmup,interaction::qrsbt_relevance_probability__PLACE_AT_5,-0.14759710330123102,0.05
2,false_warmup,interaction::qrsbt_relevance_probability__PLACE_AT_10,0.0260371479523924,0.05
2,false_warmup,interaction::qrsbt_confidence__PLACE_AT_2,0.0279453952442221,0.05
2,false_warmup,interaction::qrsbt_confidence__PLACE_AT_3,-0.04913273910501286,0.05
2,false_warmup,interaction::qrsbt_confidence__PLACE_AT_5,-0.006635957832868072,0.05
2,false_warmup,interaction::qrsbt_confidence__PLACE_AT_10,0.020644436895952026,0.05
2,false_warmup,interaction::qrsbt_support_score__PLACE_AT_2,0.0,0.05
2,false_warmup,interaction::qrsbt_support_score__PLACE_AT_3,0.0,0.05
2,false_warmup,interaction::qrsbt_support_score__PLACE_AT_5,0.0,0.05
2,false_warmup,interaction::qrsbt_support_score__PLACE_AT_10,0.0,0.05
2,false_warmup,interaction::base_rank__PLACE_AT_2,0.03266322824650924,0.05
2,false_warmup,interaction::base_rank__PLACE_AT_3,0.03519734297487132,0.05
2,false_warmup,interaction::base_rank__PLACE_AT_5,-0.10031559382224661,0.05
2,false_warmup,interaction::base_rank__PLACE_AT_10,-0.029240327154207504,0.05
2,worst_utility,num::qrsbt_relevance_probability,0.010079687544586477,0.05
2,worst_utility,num::qrsbt_confidence,0.06872604162711318,0.05
2,worst_utility,num::qrsbt_support_score,0.0,0.05
2,worst_utility,num::base_rank,0.22142489480813918,0.05
2,worst_utility,action::PLACE_AT_2,-0.02458058027281143,0.05
2,worst_utility,action::PLACE_AT_3,-0.064357555158773,0.05
2,worst_utility,action::PLACE_AT_5,0.1160190795815015,0.05
2,worst_utility,action::PLACE_AT_10,-0.06496280216231215,0.05
2,worst_utility,interaction::qrsbt_relevance_probability__PLACE_AT_2,0.008957288297270086,0.05
2,worst_utility,interaction::qrsbt_relevance_probability__PLACE_AT_3,-0.047017108727951465,0.05
2,worst_utility,interaction::qrsbt_relevance_probability__PLACE_AT_5,-0.11148173087667726,0.05
2,worst_utility,interaction::qrsbt_relevance_probability__PLACE_AT_10,0.03442024637046778,0.05
2,worst_utility,interaction::qrsbt_confidence__PLACE_AT_2,0.015492725607470198,0.05
2,worst_utility,interaction::qrsbt_confidence__PLACE_AT_3,-0.05816505453518496,0.05
2,worst_utility,interaction::qrsbt_confidence__PLACE_AT_5,0.035050898919428176,0.05
2,worst_utility,interaction::qrsbt_confidence__PLACE_AT_10,-0.011072869876075205,0.05
2,worst_utility,interaction::qrsbt_support_score__PLACE_AT_2,0.0,0.05
2,worst_utility,interaction::qrsbt_support_score__PLACE_AT_3,0.0,0.05
2,worst_utility,interaction::qrsbt_support_score__PLACE_AT_5,0.0,0.05
2,worst_utility,interaction::qrsbt_support_score__PLACE_AT_10,0.0,0.05
2,worst_utility,interaction::base_rank__PLACE_AT_2,0.08930790268168708,0.05
2,worst_utility,interaction::base_rank__PLACE_AT_3,-0.05968364829988391,0.05
2,worst_utility,interaction::base_rank__PLACE_AT_5,-0.10768304217499058,0.05
2,worst_utility,interaction::base_rank__PLACE_AT_10,0.06623199250641987,0.05
2,p10_utility,num::qrsbt_relevance_probability,0.050615172369436516,1.0
2,p10_utility,num::qrsbt_confidence,0.17463476714165144,1.0
2,p10_utility,num::qrsbt_support_score,0.0,1.0
2,p10_utility,num::base_rank,0.24287807295413807,1.0
2,p10_utility,action::PLACE_AT_2,0.5474395341811678,1.0
2,p10_utility,action::PLACE_AT_3,-0.0954327316374495,1.0
2,p10_utility,action::PLACE_AT_5,0.13166377549593172,1.0
2,p10_utility,action::PLACE_AT_10,-2.938869614571444,1.0
2,p10_utility,interaction::qrsbt_relevance_probability__PLACE_AT_2,-0.1923873681546934,1.0
2,p10_utility,interaction::qrsbt_relevance_probability__PLACE_AT_3,-0.295559041204196,1.0
2,p10_utility,interaction::qrsbt_relevance_probability__PLACE_AT_5,-0.29793267125310197,1.0
2,p10_utility,interaction::qrsbt_relevance_probability__PLACE_AT_10,-0.008409677258369243,1.0
2,p10_utility,interaction::qrsbt_confidence__PLACE_AT_2,0.2087507061701621,1.0
2,p10_utility,interaction::qrsbt_confidence__PLACE_AT_3,-0.08031712823707952,1.0
2,p10_utility,interaction::qrsbt_confidence__PLACE_AT_5,-0.411154651245658,1.0
2,p10_utility,interaction::qrsbt_confidence__PLACE_AT_10,-0.1920217172718452,1.0
2,p10_utility,interaction::qrsbt_support_score__PLACE_AT_2,0.0,1.0
2,p10_utility,interaction::qrsbt_support_score__PLACE_AT_3,0.0,1.0
2,p10_utility,interaction::qrsbt_support_score__PLACE_AT_5,0.0,1.0
2,p10_utility,interaction::qrsbt_support_score__PLACE_AT_10,0.0,1.0
2,p10_utility,interaction::base_rank__PLACE_AT_2,0.06014488880931306,1.0
2,p10_utility,interaction::base_rank__PLACE_AT_3,-0.3405873110941598,1.0
2,p10_utility,interaction::base_rank__PLACE_AT_5,0.422718036278529,1.0
2,p10_utility,interaction::base_rank__PLACE_AT_10,-0.12009501318202144,1.0
3,utility,num::qrsbt_relevance_probability,-0.2413939935609644,0.1
3,utility,num::qrsbt_confidence,0.09983945885942468,0.1
3,utility,num::qrsbt_support_score,0.0,0.1
3,utility,num::base_rank,-0.18329986615018817,0.1
3,utility,action::PLACE_AT_2,-0.2550888551840794,0.1
3,utility,action::PLACE_AT_3,-0.4544782529081982,0.1
3,utility,action::PLACE_AT_5,-0.8386025937352878,0.1
3,utility,action::PLACE_AT_10,-1.8234485554338735,0.1
3,utility,interaction::qrsbt_relevance_probability__PLACE_AT_2,0.0697741623626857,0.1
3,utility,interaction::qrsbt_relevance_probability__PLACE_AT_3,0.10248680298537562,0.1
3,utility,interaction::qrsbt_relevance_probability__PLACE_AT_5,0.18362130803965762,0.1
3,utility,interaction::qrsbt_relevance_probability__PLACE_AT_10,0.24840822372222987,0.1
3,utility,interaction::qrsbt_confidence__PLACE_AT_2,0.01806530553168081,0.1
3,utility,interaction::qrsbt_confidence__PLACE_AT_3,0.14675515141231663,0.1
3,utility,interaction::qrsbt_confidence__PLACE_AT_5,0.021818626461282974,0.1
3,utility,interaction::qrsbt_confidence__PLACE_AT_10,-0.05317993244639684,0.1
3,utility,interaction::qrsbt_support_score__PLACE_AT_2,0.0,0.1
3,utility,interaction::qrsbt_support_score__PLACE_AT_3,0.0,0.1
3,utility,interaction::qrsbt_support_score__PLACE_AT_5,0.0,0.1
3,utility,interaction::qrsbt_support_score__PLACE_AT_10,0.0,0.1
3,utility,interaction::base_rank__PLACE_AT_2,-0.009226858165393871,0.1
3,utility,interaction::base_rank__PLACE_AT_3,0.022917048226404772,0.1
3,utility,interaction::base_rank__PLACE_AT_5,0.09078712273722675,0.1
3,utility,interaction::base_rank__PLACE_AT_10,0.06703830479065447,0.1
3,irrelevant,num::qrsbt_relevance_probability,0.35291483004078156,0.2
3,irrelevant,num::qrsbt_confidence,-0.24509397817621717,0.2
3,irrelevant,num::qrsbt_support_score,0.0,0.2
3,irrelevant,num::base_rank,-0.02196003870825491,0.2
3,irrelevant,action::PLACE_AT_2,-0.07493314245114235,0.2
3,irrelevant,action::PLACE_AT_3,-0.05021499490868337,0.2
3,irrelevant,action::PLACE_AT_5,-0.2937790657407619,0.2
3,irrelevant,action::PLACE_AT_10,-0.676447161391617,0.2
3,irrelevant,interaction::qrsbt_relevance_probability__PLACE_AT_2,-0.15175444305255514,0.2
3,irrelevant,interaction::qrsbt_relevance_probability__PLACE_AT_3,0.062197789920898576,0.2
3,irrelevant,interaction::qrsbt_relevance_probability__PLACE_AT_5,0.10852440823078202,0.2
3,irrelevant,interaction::qrsbt_relevance_probability__PLACE_AT_10,-0.39461621984667344,0.2
3,irrelevant,interaction::qrsbt_confidence__PLACE_AT_2,0.04737731050654498,0.2
3,irrelevant,interaction::qrsbt_confidence__PLACE_AT_3,-0.020768642100950318,0.2
3,irrelevant,interaction::qrsbt_confidence__PLACE_AT_5,0.03623600183299416,0.2
3,irrelevant,interaction::qrsbt_confidence__PLACE_AT_10,0.3732144094526165,0.2
3,irrelevant,interaction::qrsbt_support_score__PLACE_AT_2,0.0,0.2
3,irrelevant,interaction::qrsbt_support_score__PLACE_AT_3,0.0,0.2
3,irrelevant,interaction::qrsbt_support_score__PLACE_AT_5,0.0,0.2
3,irrelevant,interaction::qrsbt_support_score__PLACE_AT_10,0.0,0.2
3,irrelevant,interaction::base_rank__PLACE_AT_2,0.014189418555435096,0.2
3,irrelevant,interaction::base_rank__PLACE_AT_3,0.057297429448222796,0.2
3,irrelevant,interaction::base_rank__PLACE_AT_5,-0.02146594450295601,0.2
3,irrelevant,interaction::base_rank__PLACE_AT_10,0.3715884924269901,0.2
3,false_warmup,num::qrsbt_relevance_probability,-0.2868835668731347,0.2
3,false_warmup,num::qrsbt_confidence,0.3889012655886094,0.2
3,false_warmup,num::qrsbt_support_score,0.0,0.2
3,false_warmup,num::base_rank,-0.20067395068950158,0.2
3,false_warmup,action::PLACE_AT_2,0.24826037733559583,0.2
3,false_warmup,action::PLACE_AT_3,0.1897889388585874,0.2
3,false_warmup,action::PLACE_AT_5,0.2192305184825236,0.2
3,false_warmup,action::PLACE_AT_10,-0.9356957024414057,0.2
3,false_warmup,interaction::qrsbt_relevance_probability__PLACE_AT_2,-0.2069968798207606,0.2
3,false_warmup,interaction::qrsbt_relevance_probability__PLACE_AT_3,-0.08994215636177189,0.2
3,false_warmup,interaction::qrsbt_relevance_probability__PLACE_AT_5,-0.11442024738792413,0.2
3,false_warmup,interaction::qrsbt_relevance_probability__PLACE_AT_10,0.07848557712764574,0.2
3,false_warmup,interaction::qrsbt_confidence__PLACE_AT_2,0.023118293635443394,0.2
3,false_warmup,interaction::qrsbt_confidence__PLACE_AT_3,-0.10843679549453523,0.2
3,false_warmup,interaction::qrsbt_confidence__PLACE_AT_5,-0.07379401809826686,0.2
3,false_warmup,interaction::qrsbt_confidence__PLACE_AT_10,0.047550013838133474,0.2
3,false_warmup,interaction::qrsbt_support_score__PLACE_AT_2,0.0,0.2
3,false_warmup,interaction::qrsbt_support_score__PLACE_AT_3,0.0,0.2
3,false_warmup,interaction::qrsbt_support_score__PLACE_AT_5,0.0,0.2
3,false_warmup,interaction::qrsbt_support_score__PLACE_AT_10,0.0,0.2
3,false_warmup,interaction::base_rank__PLACE_AT_2,-0.07461099520361796,0.2
3,false_warmup,interaction::base_rank__PLACE_AT_3,0.00039140118190869475,0.2
3,false_warmup,interaction::base_rank__PLACE_AT_5,-0.08267889310777363,0.2
3,false_warmup,interaction::base_rank__PLACE_AT_10,0.08773893603685923,0.2
3,worst_utility,num::qrsbt_relevance_probability,0.05806484754649514,0.05
3,worst_utility,num::qrsbt_confidence,0.021018084534833427,0.05
3,worst_utility,num::qrsbt_support_score,0.0,0.05
3,worst_utility,num::base_rank,0.1386076826110362,0.05
3,worst_utility,action::PLACE_AT_2,-0.023270630759846277,0.05
3,worst_utility,action::PLACE_AT_3,-0.06391205867400407,0.05
3,worst_utility,action::PLACE_AT_5,0.1978523676807159,0.05
3,worst_utility,action::PLACE_AT_10,-0.003849617966523974,0.05
3,worst_utility,interaction::qrsbt_relevance_probability__PLACE_AT_2,0.05934402654208224,0.05
3,worst_utility,interaction::qrsbt_relevance_probability__PLACE_AT_3,0.06671955566637024,0.05
3,worst_utility,interaction::qrsbt_relevance_probability__PLACE_AT_5,-0.04547656544443857,0.05
3,worst_utility,interaction::qrsbt_relevance_probability__PLACE_AT_10,0.03463606909460569,0.05
3,worst_utility,interaction::qrsbt_confidence__PLACE_AT_2,-0.026609314241666487,0.05
3,worst_utility,interaction::qrsbt_confidence__PLACE_AT_3,0.03307846583223438,0.05
3,worst_utility,interaction::qrsbt_confidence__PLACE_AT_5,-0.04112218636210703,0.05
3,worst_utility,interaction::qrsbt_confidence__PLACE_AT_10,-0.023663877459244843,0.05
3,worst_utility,interaction::qrsbt_support_score__PLACE_AT_2,0.0,0.05
3,worst_utility,interaction::qrsbt_support_score__PLACE_AT_3,0.0,0.05
3,worst_utility,interaction::qrsbt_support_score__PLACE_AT_5,0.0,0.05
3,worst_utility,interaction::qrsbt_support_score__PLACE_AT_10,0.0,0.05
3,worst_utility,interaction::base_rank__PLACE_AT_2,0.02252247052041329,0.05
3,worst_utility,interaction::base_rank__PLACE_AT_3,0.019622926940337904,0.05
3,worst_utility,interaction::base_rank__PLACE_AT_5,0.009245354485681706,0.05
3,worst_utility,interaction::base_rank__PLACE_AT_10,0.15998829457723868,0.05
3,p10_utility,num::qrsbt_relevance_probability,0.07236258641703178,1.0
3,p10_utility,num::qrsbt_confidence,0.15745422081775182,1.0
3,p10_utility,num::qrsbt_support_score,0.0,1.0
3,p10_utility,num::base_rank,0.43365248319550315,1.0
3,p10_utility,action::PLACE_AT_2,0.40040076094585725,1.0
3,p10_utility,action::PLACE_AT_3,-0.11952667349768542,1.0
3,p10_utility,action::PLACE_AT_5,0.0841738437325128,1.0
3,p10_utility,action::PLACE_AT_10,-2.9306404888422524,1.0
3,p10_utility,interaction::qrsbt_relevance_probability__PLACE_AT_2,-0.20238396196928624,1.0
3,p10_utility,interaction::qrsbt_relevance_probability__PLACE_AT_3,-0.28171741299918535,1.0
3,p10_utility,interaction::qrsbt_relevance_probability__PLACE_AT_5,-0.16684324194219569,1.0
3,p10_utility,interaction::qrsbt_relevance_probability__PLACE_AT_10,-0.09372725888521481,1.0
3,p10_utility,interaction::qrsbt_confidence__PLACE_AT_2,0.2956463611428795,1.0
3,p10_utility,interaction::qrsbt_confidence__PLACE_AT_3,-0.03615228466189955,1.0
3,p10_utility,interaction::qrsbt_confidence__PLACE_AT_5,-0.6185467136683865,1.0
3,p10_utility,interaction::qrsbt_confidence__PLACE_AT_10,-0.1867381043215362,1.0
3,p10_utility,interaction::qrsbt_support_score__PLACE_AT_2,0.0,1.0
3,p10_utility,interaction::qrsbt_support_score__PLACE_AT_3,0.0,1.0
3,p10_utility,interaction::qrsbt_support_score__PLACE_AT_5,0.0,1.0
3,p10_utility,interaction::qrsbt_support_score__PLACE_AT_10,0.0,1.0
3,p10_utility,interaction::base_rank__PLACE_AT_2,-0.017355822932146943,1.0
3,p10_utility,interaction::base_rank__PLACE_AT_3,-0.2968647303544167,1.0
3,p10_utility,interaction::base_rank__PLACE_AT_5,0.36805920681989024,1.0
3,p10_utility,interaction::base_rank__PLACE_AT_10,-0.28363451959537694,1.0
4,utility,num::qrsbt_relevance_probability,-0.2874290578147997,1.0
4,utility,num::qrsbt_confidence,0.23044611238658003,1.0
4,utility,num::qrsbt_support_score,0.0,1.0
4,utility,num::base_rank,-0.1780938254110238,1.0
4,utility,action::PLACE_AT_2,-0.17398743801653407,1.0
4,utility,action::PLACE_AT_3,-0.37652187327824255,1.0
4,utility,action::PLACE_AT_5,-0.833271184573008,1.0
4,utility,action::PLACE_AT_10,-1.7504061707989038,1.0
4,utility,interaction::qrsbt_relevance_probability__PLACE_AT_2,0.0854109399962512,1.0
4,utility,interaction::qrsbt_relevance_probability__PLACE_AT_3,0.10833265347923159,1.0
4,utility,interaction::qrsbt_relevance_probability__PLACE_AT_5,0.2523674648745931,1.0
4,utility,interaction::qrsbt_relevance_probability__PLACE_AT_10,0.3599763311248081,1.0
4,utility,interaction::qrsbt_confidence__PLACE_AT_2,-0.021865266277474545,1.0
4,utility,interaction::qrsbt_confidence__PLACE_AT_3,0.042840877068391375,1.0
4,utility,interaction::qrsbt_confidence__PLACE_AT_5,-0.08652973488684523,1.0
4,utility,interaction::qrsbt_confidence__PLACE_AT_10,-0.19904478994765482,1.0
4,utility,interaction::qrsbt_support_score__PLACE_AT_2,0.0,1.0
4,utility,interaction::qrsbt_support_score__PLACE_AT_3,0.0,1.0
4,utility,interaction::qrsbt_support_score__PLACE_AT_5,0.0,1.0
4,utility,interaction::qrsbt_support_score__PLACE_AT_10,0.0,1.0
4,utility,interaction::base_rank__PLACE_AT_2,0.05328780552935028,1.0
4,utility,interaction::base_rank__PLACE_AT_3,0.09519896198901466,1.0
4,utility,interaction::base_rank__PLACE_AT_5,0.10311554593926855,1.0
4,utility,interaction::base_rank__PLACE_AT_10,0.03526054474217926,1.0
4,irrelevant,num::qrsbt_relevance_probability,0.09577174797531558,0.05
4,irrelevant,num::qrsbt_confidence,-0.08357069677026734,0.05
4,irrelevant,num::qrsbt_support_score,0.0,0.05
4,irrelevant,num::base_rank,0.060543940449763994,0.05
4,irrelevant,action::PLACE_AT_2,0.016608920582192543,0.05
4,irrelevant,action::PLACE_AT_3,0.03777879702764497,0.05
4,irrelevant,action::PLACE_AT_5,-0.1073359113217012,0.05
4,irrelevant,action::PLACE_AT_10,-0.3399204234208756,0.05
4,irrelevant,interaction::qrsbt_relevance_probability__PLACE_AT_2,-0.06877702437162427,0.05
4,irrelevant,interaction::qrsbt_relevance_probability__PLACE_AT_3,-0.03641021882207965,0.05
4,irrelevant,interaction::qrsbt_relevance_probability__PLACE_AT_5,0.10372254597910958,0.05
4,irrelevant,interaction::qrsbt_relevance_probability__PLACE_AT_10,-0.10467330749664928,0.05
4,irrelevant,interaction::qrsbt_confidence__PLACE_AT_2,-0.0006661488025164505,0.05
4,irrelevant,interaction::qrsbt_confidence__PLACE_AT_3,-0.02224733728881525,0.05
4,irrelevant,interaction::qrsbt_confidence__PLACE_AT_5,-0.05831896153867292,0.05
4,irrelevant,interaction::qrsbt_confidence__PLACE_AT_10,0.11136284212659406,0.05
4,irrelevant,interaction::qrsbt_support_score__PLACE_AT_2,0.0,0.05
4,irrelevant,interaction::qrsbt_support_score__PLACE_AT_3,0.0,0.05
4,irrelevant,interaction::qrsbt_support_score__PLACE_AT_5,0.0,0.05
4,irrelevant,interaction::qrsbt_support_score__PLACE_AT_10,0.0,0.05
4,irrelevant,interaction::base_rank__PLACE_AT_2,0.08640024172312005,0.05
4,irrelevant,interaction::base_rank__PLACE_AT_3,0.016335942628952976,0.05
4,irrelevant,interaction::base_rank__PLACE_AT_5,-0.013842711725146383,0.05
4,irrelevant,interaction::base_rank__PLACE_AT_10,0.09051387985028192,0.05
4,false_warmup,num::qrsbt_relevance_probability,-0.10084909521780724,0.2
4,false_warmup,num::qrsbt_confidence,0.32648782048164005,0.2
4,false_warmup,num::qrsbt_support_score,0.0,0.2
4,false_warmup,num::base_rank,0.19437689458917334,0.2
4,false_warmup,action::PLACE_AT_2,0.3069250799985235,0.2
4,false_warmup,action::PLACE_AT_3,0.20146518646784722,0.2
4,false_warmup,action::PLACE_AT_5,0.07216801913790227,0.2
4,false_warmup,action::PLACE_AT_10,-1.1396982862768847,0.2
4,false_warmup,interaction::qrsbt_relevance_probability__PLACE_AT_2,-0.0880756062216844,0.2
4,false_warmup,interaction::qrsbt_relevance_probability__PLACE_AT_3,-0.05920942086444282,0.2
4,false_warmup,interaction::qrsbt_relevance_probability__PLACE_AT_5,-0.2274308972583418,0.2
4,false_warmup,interaction::qrsbt_relevance_probability__PLACE_AT_10,0.11111734441222007,0.2
4,false_warmup,interaction::qrsbt_confidence__PLACE_AT_2,0.026791478482772815,0.2
4,false_warmup,interaction::qrsbt_confidence__PLACE_AT_3,-0.028248184666984897,0.2
4,false_warmup,interaction::qrsbt_confidence__PLACE_AT_5,0.052534067614687534,0.2
4,false_warmup,interaction::qrsbt_confidence__PLACE_AT_10,-0.005011986489024065,0.2
4,false_warmup,interaction::qrsbt_support_score__PLACE_AT_2,0.0,0.2
4,false_warmup,interaction::qrsbt_support_score__PLACE_AT_3,0.0,0.2
4,false_warmup,interaction::qrsbt_support_score__PLACE_AT_5,0.0,0.2
4,false_warmup,interaction::qrsbt_support_score__PLACE_AT_10,0.0,0.2
4,false_warmup,interaction::base_rank__PLACE_AT_2,-0.008601141767903773,0.2
4,false_warmup,interaction::base_rank__PLACE_AT_3,-0.10911988791008485,0.2
4,false_warmup,interaction::base_rank__PLACE_AT_5,-0.18877447746063777,0.2
4,false_warmup,interaction::base_rank__PLACE_AT_10,-0.16213918927993845,0.2
4,worst_utility,num::qrsbt_relevance_probability,0.06505094597820858,0.05
4,worst_utility,num::qrsbt_confidence,-0.08359329694086692,0.05
4,worst_utility,num::qrsbt_support_score,0.0,0.05
4,worst_utility,num::base_rank,0.09377732973673868,0.05
4,worst_utility,action::PLACE_AT_2,-0.025433847837532778,0.05
4,worst_utility,action::PLACE_AT_3,-0.025362572895989064,0.05
4,worst_utility,action::PLACE_AT_5,0.1347946772809901,0.05
4,worst_utility,action::PLACE_AT_10,-0.025734776910256375,0.05
4,worst_utility,interaction::qrsbt_relevance_probability__PLACE_AT_2,0.045368496838581324,0.05
4,worst_utility,interaction::qrsbt_relevance_probability__PLACE_AT_3,0.030545001710450114,0.05
4,worst_utility,interaction::qrsbt_relevance_probability__PLACE_AT_5,-0.04826524558344492,0.05
4,worst_utility,interaction::qrsbt_relevance_probability__PLACE_AT_10,-0.02709572436794431,0.05
4,worst_utility,interaction::qrsbt_confidence__PLACE_AT_2,0.0036231188076233825,0.05
4,worst_utility,interaction::qrsbt_confidence__PLACE_AT_3,0.06504714761283241,0.05
4,worst_utility,interaction::qrsbt_confidence__PLACE_AT_5,0.007317884253921176,0.05
4,worst_utility,interaction::qrsbt_confidence__PLACE_AT_10,-0.09904311233801706,0.05
4,worst_utility,interaction::qrsbt_support_score__PLACE_AT_2,0.0,0.05
4,worst_utility,interaction::qrsbt_support_score__PLACE_AT_3,0.0,0.05
4,worst_utility,interaction::qrsbt_support_score__PLACE_AT_5,0.0,0.05
4,worst_utility,interaction::qrsbt_support_score__PLACE_AT_10,0.0,0.05
4,worst_utility,interaction::base_rank__PLACE_AT_2,0.03619742482416052,0.05
4,worst_utility,interaction::base_rank__PLACE_AT_3,0.011073784161726321,0.05
4,worst_utility,interaction::base_rank__PLACE_AT_5,-0.059590545039749546,0.05
4,worst_utility,interaction::base_rank__PLACE_AT_10,0.024364724916820235,0.05
4,p10_utility,num::qrsbt_relevance_probability,-0.11218029229783393,1.0
4,p10_utility,num::qrsbt_confidence,0.22921388759522543,1.0
4,p10_utility,num::qrsbt_support_score,0.0,1.0
4,p10_utility,num::base_rank,0.1767990922157817,1.0
4,p10_utility,action::PLACE_AT_2,0.5454510524034485,1.0
4,p10_utility,action::PLACE_AT_3,-0.0744793186693502,1.0
4,p10_utility,action::PLACE_AT_5,0.12823241232792876,1.0
4,p10_utility,action::PLACE_AT_10,-2.819895402083364,1.0
4,p10_utility,interaction::qrsbt_relevance_probability__PLACE_AT_2,-0.34390176431897823,1.0
4,p10_utility,interaction::qrsbt_relevance_probability__PLACE_AT_3,-0.11097645223867983,1.0
4,p10_utility,interaction::qrsbt_relevance_probability__PLACE_AT_5,-0.25945988609914566,1.0
4,p10_utility,interaction::qrsbt_relevance_probability__PLACE_AT_10,0.19835556029668738,1.0
4,p10_utility,interaction::qrsbt_confidence__PLACE_AT_2,0.21355579878857187,1.0
4,p10_utility,interaction::qrsbt_confidence__PLACE_AT_3,0.22661183015458317,1.0
4,p10_utility,interaction::qrsbt_confidence__PLACE_AT_5,-0.12906363184168035,1.0
4,p10_utility,interaction::qrsbt_confidence__PLACE_AT_10,-0.4461443468744787,1.0
4,p10_utility,interaction::qrsbt_support_score__PLACE_AT_2,0.0,1.0
4,p10_utility,interaction::qrsbt_support_score__PLACE_AT_3,0.0,1.0
4,p10_utility,interaction::qrsbt_support_score__PLACE_AT_5,0.0,1.0
4,p10_utility,interaction::qrsbt_support_score__PLACE_AT_10,0.0,1.0
4,p10_utility,interaction::base_rank__PLACE_AT_2,0.005790716323940298,1.0
4,p10_utility,interaction::base_rank__PLACE_AT_3,-0.19045154604917497,1.0
4,p10_utility,interaction::base_rank__PLACE_AT_5,0.26931135764034825,1.0
4,p10_utility,interaction::base_rank__PLACE_AT_10,-0.1623299732633678,1.0
5,utility,num::qrsbt_relevance_probability,-0.46193019125351675,0.1
5,utility,num::qrsbt_confidence,0.2285816622960319,0.1
5,utility,num::qrsbt_support_score,0.0,0.1
5,utility,num::base_rank,-0.2682651664792527,0.1
5,utility,action::PLACE_AT_2,-0.20378665542661592,0.1
5,utility,action::PLACE_AT_3,-0.3473336995565077,0.1
5,utility,action::PLACE_AT_5,-0.7256850734116297,0.1
5,utility,action::PLACE_AT_10,-1.70875473758038,0.1
5,utility,interaction::qrsbt_relevance_probability__PLACE_AT_2,0.1302431734431565,0.1
5,utility,interaction::qrsbt_relevance_probability__PLACE_AT_3,0.14812920230421098,0.1
5,utility,interaction::qrsbt_relevance_probability__PLACE_AT_5,0.3567062269121293,0.1
5,utility,interaction::qrsbt_relevance_probability__PLACE_AT_10,0.5140561188080511,0.1
5,utility,interaction::qrsbt_confidence__PLACE_AT_2,-0.024588207943472832,0.1
5,utility,interaction::qrsbt_confidence__PLACE_AT_3,0.07906313355394022,0.1
5,utility,interaction::qrsbt_confidence__PLACE_AT_5,-0.14993511409533214,0.1
5,utility,interaction::qrsbt_confidence__PLACE_AT_10,-0.18036908601277515,0.1
5,utility,interaction::qrsbt_support_score__PLACE_AT_2,0.0,0.1
5,utility,interaction::qrsbt_support_score__PLACE_AT_3,0.0,0.1
5,utility,interaction::qrsbt_support_score__PLACE_AT_5,0.0,0.1
5,utility,interaction::qrsbt_support_score__PLACE_AT_10,0.0,0.1
5,utility,interaction::base_rank__PLACE_AT_2,0.04771935821514975,0.1
5,utility,interaction::base_rank__PLACE_AT_3,0.09782698466874228,0.1
5,utility,interaction::base_rank__PLACE_AT_5,0.1346225669667962,0.1
5,utility,interaction::base_rank__PLACE_AT_10,0.18043554781104607,0.1
5,irrelevant,num::qrsbt_relevance_probability,0.26855831506931005,0.2
5,irrelevant,num::qrsbt_confidence,-0.38084111082160343,0.2
5,irrelevant,num::qrsbt_support_score,0.0,0.2
5,irrelevant,num::base_rank,0.04788799721020919,0.2
5,irrelevant,action::PLACE_AT_2,0.029727390491592797,0.2
5,irrelevant,action::PLACE_AT_3,0.024086966490938798,0.2
5,irrelevant,action::PLACE_AT_5,-0.2800133061270507,0.2
5,irrelevant,action::PLACE_AT_10,-0.7732604943389901,0.2
5,irrelevant,interaction::qrsbt_relevance_probability__PLACE_AT_2,-0.056443971959642236,0.2
5,irrelevant,interaction::qrsbt_relevance_probability__PLACE_AT_3,0.04970111319782338,0.2
5,irrelevant,interaction::qrsbt_relevance_probability__PLACE_AT_5,0.1883765868773914,0.2
5,irrelevant,interaction::qrsbt_relevance_probability__PLACE_AT_10,-0.19863515061392986,0.2
5,irrelevant,interaction::qrsbt_confidence__PLACE_AT_2,0.08916997366570248,0.2
5,irrelevant,interaction::qrsbt_confidence__PLACE_AT_3,-0.06645409974993616,0.2
5,irrelevant,interaction::qrsbt_confidence__PLACE_AT_5,-0.03777217116615503,0.2
5,irrelevant,interaction::qrsbt_confidence__PLACE_AT_10,0.12601945001326167,0.2
5,irrelevant,interaction::qrsbt_support_score__PLACE_AT_2,0.0,0.2
5,irrelevant,interaction::qrsbt_support_score__PLACE_AT_3,0.0,0.2
5,irrelevant,interaction::qrsbt_support_score__PLACE_AT_5,0.0,0.2
5,irrelevant,interaction::qrsbt_support_score__PLACE_AT_10,0.0,0.2
5,irrelevant,interaction::base_rank__PLACE_AT_2,0.07492018900631707,0.2
5,irrelevant,interaction::base_rank__PLACE_AT_3,0.13764277551268103,0.2
5,irrelevant,interaction::base_rank__PLACE_AT_5,-0.03939915543398302,0.2
5,irrelevant,interaction::base_rank__PLACE_AT_10,0.12483002560158914,0.2
5,false_warmup,num::qrsbt_relevance_probability,-0.06291464986949434,0.05
5,false_warmup,num::qrsbt_confidence,0.19378699679324665,0.05
5,false_warmup,num::qrsbt_support_score,0.0,0.05
5,false_warmup,num::base_rank,-0.07387869088061334,0.05
5,false_warmup,action::PLACE_AT_2,0.19460733666479801,0.05
5,false_warmup,action::PLACE_AT_3,0.11940895983516799,0.05
5,false_warmup,action::PLACE_AT_5,0.11333291356017665,0.05
5,false_warmup,action::PLACE_AT_10,-0.5116023127592966,0.05
5,false_warmup,interaction::qrsbt_relevance_probability__PLACE_AT_2,-0.03693086668884963,0.05
5,false_warmup,interaction::qrsbt_relevance_probability__PLACE_AT_3,-0.07807489936643178,0.05
5,false_warmup,interaction::qrsbt_relevance_probability__PLACE_AT_5,-0.09880962897947072,0.05
5,false_warmup,interaction::qrsbt_relevance_probability__PLACE_AT_10,0.002458474438495178,0.05
5,false_warmup,interaction::qrsbt_confidence__PLACE_AT_2,-0.020931338972530588,0.05
5,false_warmup,interaction::qrsbt_confidence__PLACE_AT_3,-0.010514878881250543,0.05
5,false_warmup,interaction::qrsbt_confidence__PLACE_AT_5,0.018926344690255437,0.05
5,false_warmup,interaction::qrsbt_confidence__PLACE_AT_10,0.033176122339635385,0.05
5,false_warmup,interaction::qrsbt_support_score__PLACE_AT_2,0.0,0.05
5,false_warmup,interaction::qrsbt_support_score__PLACE_AT_3,0.0,0.05
5,false_warmup,interaction::qrsbt_support_score__PLACE_AT_5,0.0,0.05
5,false_warmup,interaction::qrsbt_support_score__PLACE_AT_10,0.0,0.05
5,false_warmup,interaction::base_rank__PLACE_AT_2,0.005442561610629922,0.05
5,false_warmup,interaction::base_rank__PLACE_AT_3,-0.029272252735311075,0.05
5,false_warmup,interaction::base_rank__PLACE_AT_5,-0.13967749194072648,0.05
5,false_warmup,interaction::base_rank__PLACE_AT_10,0.01855953332951968,0.05
5,worst_utility,num::qrsbt_relevance_probability,0.174133649304078,0.05
5,worst_utility,num::qrsbt_confidence,-0.058636430862752296,0.05
5,worst_utility,num::qrsbt_support_score,0.0,0.05
5,worst_utility,num::base_rank,0.1343977812579202,0.05
5,worst_utility,action::PLACE_AT_2,-0.01941331990387755,0.05
5,worst_utility,action::PLACE_AT_3,-0.039460099903840674,0.05
5,worst_utility,action::PLACE_AT_5,0.1416972452113624,0.05
5,worst_utility,action::PLACE_AT_10,-0.03938951972540417,0.05
5,worst_utility,interaction::qrsbt_relevance_probability__PLACE_AT_2,0.0675111571596374,0.05
5,worst_utility,interaction::qrsbt_relevance_probability__PLACE_AT_3,0.02314620303239298,0.05
5,worst_utility,interaction::qrsbt_relevance_probability__PLACE_AT_5,-0.022426354067296178,0.05
5,worst_utility,interaction::qrsbt_relevance_probability__PLACE_AT_10,0.0003517038279632675,0.05
5,worst_utility,interaction::qrsbt_confidence__PLACE_AT_2,-0.07195299739020021,0.05
5,worst_utility,interaction::qrsbt_confidence__PLACE_AT_3,0.01647232010706785,0.05
5,worst_utility,interaction::qrsbt_confidence__PLACE_AT_5,0.03699572357534526,0.05
5,worst_utility,interaction::qrsbt_confidence__PLACE_AT_10,-0.08171364458819387,0.05
5,worst_utility,interaction::qrsbt_support_score__PLACE_AT_2,0.0,0.05
5,worst_utility,interaction::qrsbt_support_score__PLACE_AT_3,0.0,0.05
5,worst_utility,interaction::qrsbt_support_score__PLACE_AT_5,0.0,0.05
5,worst_utility,interaction::qrsbt_support_score__PLACE_AT_10,0.0,0.05
5,worst_utility,interaction::base_rank__PLACE_AT_2,-0.009012170392924172,0.05
5,worst_utility,interaction::base_rank__PLACE_AT_3,-0.00914173517105499,0.05
5,worst_utility,interaction::base_rank__PLACE_AT_5,-0.026284892039585894,0.05
5,worst_utility,interaction::base_rank__PLACE_AT_10,0.02435149223732541,0.05
5,p10_utility,num::qrsbt_relevance_probability,0.15553755485466805,1.0
5,p10_utility,num::qrsbt_confidence,0.14551026206774814,1.0
5,p10_utility,num::qrsbt_support_score,0.0,1.0
5,p10_utility,num::base_rank,0.34317747600440673,1.0
5,p10_utility,action::PLACE_AT_2,0.7915482583563853,1.0
5,p10_utility,action::PLACE_AT_3,0.07206130573746544,1.0
5,p10_utility,action::PLACE_AT_5,-0.020371355513035597,1.0
5,p10_utility,action::PLACE_AT_10,-2.8811571151007263,1.0
5,p10_utility,interaction::qrsbt_relevance_probability__PLACE_AT_2,-0.20683323464837117,1.0
5,p10_utility,interaction::qrsbt_relevance_probability__PLACE_AT_3,-0.0680606703750498,1.0
5,p10_utility,interaction::qrsbt_relevance_probability__PLACE_AT_5,-0.07371239059415587,1.0
5,p10_utility,interaction::qrsbt_relevance_probability__PLACE_AT_10,0.12584287424866594,1.0
5,p10_utility,interaction::qrsbt_confidence__PLACE_AT_2,0.1863636503973248,1.0
5,p10_utility,interaction::qrsbt_confidence__PLACE_AT_3,-0.19721003906642104,1.0
5,p10_utility,interaction::qrsbt_confidence__PLACE_AT_5,-0.6403821779505421,1.0
5,p10_utility,interaction::qrsbt_confidence__PLACE_AT_10,-0.29958640403270353,1.0
5,p10_utility,interaction::qrsbt_support_score__PLACE_AT_2,0.0,1.0
5,p10_utility,interaction::qrsbt_support_score__PLACE_AT_3,0.0,1.0
5,p10_utility,interaction::qrsbt_support_score__PLACE_AT_5,0.0,1.0
5,p10_utility,interaction::qrsbt_support_score__PLACE_AT_10,0.0,1.0
5,p10_utility,interaction::base_rank__PLACE_AT_2,0.49121073608166693,1.0
5,p10_utility,interaction::base_rank__PLACE_AT_3,-0.24455307545285607,1.0
5,p10_utility,interaction::base_rank__PLACE_AT_5,0.0881468973985491,1.0
5,p10_utility,interaction::base_rank__PLACE_AT_10,-0.24639571000872962,1.0
6,utility,num::qrsbt_relevance_probability,-0.3793410067828283,0.1
6,utility,num::qrsbt_confidence,0.28072362373722687,0.1
6,utility,num::qrsbt_support_score,0.0,0.1
6,utility,num::base_rank,-0.2333183036573451,0.1
6,utility,action::PLACE_AT_2,-0.24967179263938008,0.1
6,utility,action::PLACE_AT_3,-0.4155335744878398,0.1
6,utility,action::PLACE_AT_5,-0.7299382372688563,0.1
6,utility,action::PLACE_AT_10,-1.6823667690479305,0.1
6,utility,interaction::qrsbt_relevance_probability__PLACE_AT_2,0.1323815456832947,0.1
6,utility,interaction::qrsbt_relevance_probability__PLACE_AT_3,0.1015821116484978,0.1
6,utility,interaction::qrsbt_relevance_probability__PLACE_AT_5,0.31911764446945406,0.1
6,utility,interaction::qrsbt_relevance_probability__PLACE_AT_10,0.4397840974781767,0.1
6,utility,interaction::qrsbt_confidence__PLACE_AT_2,-0.06274059457979357,0.1
6,utility,interaction::qrsbt_confidence__PLACE_AT_3,0.09739419734056046,0.1
6,utility,interaction::qrsbt_confidence__PLACE_AT_5,-0.11020317794349668,0.1
6,utility,interaction::qrsbt_confidence__PLACE_AT_10,-0.22677019248932734,0.1
6,utility,interaction::qrsbt_support_score__PLACE_AT_2,0.0,0.1
6,utility,interaction::qrsbt_support_score__PLACE_AT_3,0.0,0.1
6,utility,interaction::qrsbt_support_score__PLACE_AT_5,0.0,0.1
6,utility,interaction::qrsbt_support_score__PLACE_AT_10,0.0,0.1
6,utility,interaction::base_rank__PLACE_AT_2,0.03274989498425963,0.1
6,utility,interaction::base_rank__PLACE_AT_3,0.12443107290611279,0.1
6,utility,interaction::base_rank__PLACE_AT_5,0.10367896181786966,0.1
6,utility,interaction::base_rank__PLACE_AT_10,0.13050560301728129,0.1
6,irrelevant,num::qrsbt_relevance_probability,0.2790159524857222,0.05
6,irrelevant,num::qrsbt_confidence,-0.10065695593191264,0.05
6,irrelevant,num::qrsbt_support_score,0.0,0.05
6,irrelevant,num::base_rank,0.09683107915545354,0.05
6,irrelevant,action::PLACE_AT_2,0.034715636561117924,0.05
6,irrelevant,action::PLACE_AT_3,0.0745223541371716,0.05
6,irrelevant,action::PLACE_AT_5,-0.15464224849919694,0.05
6,irrelevant,action::PLACE_AT_10,-0.3400930639696501,0.05
6,irrelevant,interaction::qrsbt_relevance_probability__PLACE_AT_2,0.004886094787914229,0.05
6,irrelevant,interaction::qrsbt_relevance_probability__PLACE_AT_3,0.05256257046279123,0.05
6,irrelevant,interaction::qrsbt_relevance_probability__PLACE_AT_5,0.11277686452295238,0.05
6,irrelevant,interaction::qrsbt_relevance_probability__PLACE_AT_10,-0.12332658464788021,0.05
6,irrelevant,interaction::qrsbt_confidence__PLACE_AT_2,-0.012332610548115335,0.05
6,irrelevant,interaction::qrsbt_confidence__PLACE_AT_3,-0.016179030913932045,0.05
6,irrelevant,interaction::qrsbt_confidence__PLACE_AT_5,0.0019322569728713614,0.05
6,irrelevant,interaction::qrsbt_confidence__PLACE_AT_10,0.10880059637037996,0.05
6,irrelevant,interaction::qrsbt_support_score__PLACE_AT_2,0.0,0.05
6,irrelevant,interaction::qrsbt_support_score__PLACE_AT_3,0.0,0.05
6,irrelevant,interaction::qrsbt_support_score__PLACE_AT_5,0.0,0.05
6,irrelevant,interaction::qrsbt_support_score__PLACE_AT_10,0.0,0.05
6,irrelevant,interaction::base_rank__PLACE_AT_2,0.04101636200403946,0.05
6,irrelevant,interaction::base_rank__PLACE_AT_3,0.04849512782617664,0.05
6,irrelevant,interaction::base_rank__PLACE_AT_5,0.009789772418764432,0.05
6,irrelevant,interaction::base_rank__PLACE_AT_10,0.09870583846706846,0.05
6,false_warmup,num::qrsbt_relevance_probability,-0.2112958321513309,0.2
6,false_warmup,num::qrsbt_confidence,0.32055438135163233,0.2
6,false_warmup,num::qrsbt_support_score,0.0,0.2
6,false_warmup,num::base_rank,0.017081161390116107,0.2
6,false_warmup,action::PLACE_AT_2,0.21892187135319544,0.2
6,false_warmup,action::PLACE_AT_3,0.14263243304362866,0.2
6,false_warmup,action::PLACE_AT_5,0.16112344359981048,0.2
6,false_warmup,action::PLACE_AT_10,-1.0677860569537923,0.2
6,false_warmup,interaction::qrsbt_relevance_probability__PLACE_AT_2,-0.08171699038861181,0.2
6,false_warmup,interaction::qrsbt_relevance_probability__PLACE_AT_3,-0.12023619626033719,0.2
6,false_warmup,interaction::qrsbt_relevance_probability__PLACE_AT_5,-0.1781071371506999,0.2
6,false_warmup,interaction::qrsbt_relevance_probability__PLACE_AT_10,0.07891748036437568,0.2
6,false_warmup,interaction::qrsbt_confidence__PLACE_AT_2,-0.024351093261357617,0.2
6,false_warmup,interaction::qrsbt_confidence__PLACE_AT_3,-0.026851623389754914,0.2
6,false_warmup,interaction::qrsbt_confidence__PLACE_AT_5,0.12140716645974717,0.2
6,false_warmup,interaction::qrsbt_confidence__PLACE_AT_10,0.06663661327798903,0.2
6,false_warmup,interaction::qrsbt_support_score__PLACE_AT_2,0.0,0.2
6,false_warmup,interaction::qrsbt_support_score__PLACE_AT_3,0.0,0.2
6,false_warmup,interaction::qrsbt_support_score__PLACE_AT_5,0.0,0.2
6,false_warmup,interaction::qrsbt_support_score__PLACE_AT_10,0.0,0.2
6,false_warmup,interaction::base_rank__PLACE_AT_2,0.04696114415997414,0.2
6,false_warmup,interaction::base_rank__PLACE_AT_3,0.009644375603806144,0.2
6,false_warmup,interaction::base_rank__PLACE_AT_5,-0.19689129431059813,0.2
6,false_warmup,interaction::base_rank__PLACE_AT_10,-0.04573486213382117,0.2
6,worst_utility,num::qrsbt_relevance_probability,0.14120229790191838,0.05
6,worst_utility,num::qrsbt_confidence,-0.04462173046321563,0.05
6,worst_utility,num::qrsbt_support_score,0.0,0.05
6,worst_utility,num::base_rank,0.12195207544191053,0.05
6,worst_utility,action::PLACE_AT_2,0.04373300588635481,0.05
6,worst_utility,action::PLACE_AT_3,-0.01661915506673452,0.05
6,worst_utility,action::PLACE_AT_5,0.10383419615679386,0.05
6,worst_utility,action::PLACE_AT_10,-0.13698672753330082,0.05
6,worst_utility,interaction::qrsbt_relevance_probability__PLACE_AT_2,0.015151625340389179,0.05
6,worst_utility,interaction::qrsbt_relevance_probability__PLACE_AT_3,0.05354040617317308,0.05
6,worst_utility,interaction::qrsbt_relevance_probability__PLACE_AT_5,-0.100953924884248,0.05
6,worst_utility,interaction::qrsbt_relevance_probability__PLACE_AT_10,-0.015809449348463147,0.05
6,worst_utility,interaction::qrsbt_confidence__PLACE_AT_2,0.05177189725684294,0.05
6,worst_utility,interaction::qrsbt_confidence__PLACE_AT_3,-0.06595674805709746,0.05
6,worst_utility,interaction::qrsbt_confidence__PLACE_AT_5,-0.12932870089380452,0.05
6,worst_utility,interaction::qrsbt_confidence__PLACE_AT_10,-0.02932975960182169,0.05
6,worst_utility,interaction::qrsbt_support_score__PLACE_AT_2,0.0,0.05
6,worst_utility,interaction::qrsbt_support_score__PLACE_AT_3,0.0,0.05
6,worst_utility,interaction::qrsbt_support_score__PLACE_AT_5,0.0,0.05
6,worst_utility,interaction::qrsbt_support_score__PLACE_AT_10,0.0,0.05
6,worst_utility,interaction::base_rank__PLACE_AT_2,0.043633100732840754,0.05
6,worst_utility,interaction::base_rank__PLACE_AT_3,0.003206155901378223,0.05
6,worst_utility,interaction::base_rank__PLACE_AT_5,-0.044721303091565384,0.05
6,worst_utility,interaction::base_rank__PLACE_AT_10,0.06945649618631411,0.05
6,p10_utility,num::qrsbt_relevance_probability,0.07016269836221066,1.0
6,p10_utility,num::qrsbt_confidence,0.2211287281269004,1.0
6,p10_utility,num::qrsbt_support_score,0.0,1.0
6,p10_utility,num::base_rank,0.2748075172142653,1.0
6,p10_utility,action::PLACE_AT_2,0.5497598436435116,1.0
6,p10_utility,action::PLACE_AT_3,-0.06391012486000264,1.0
6,p10_utility,action::PLACE_AT_5,-0.145648391535951,1.0
6,p10_utility,action::PLACE_AT_10,-3.082849270637156,1.0
6,p10_utility,interaction::qrsbt_relevance_probability__PLACE_AT_2,-0.024829535270956077,1.0
6,p10_utility,interaction::qrsbt_relevance_probability__PLACE_AT_3,-0.37229456742665873,1.0
6,p10_utility,interaction::qrsbt_relevance_probability__PLACE_AT_5,-0.1205671936448236,1.0
6,p10_utility,interaction::qrsbt_relevance_probability__PLACE_AT_10,-0.02024825421141226,1.0
6,p10_utility,interaction::qrsbt_confidence__PLACE_AT_2,0.3601125681241363,1.0
6,p10_utility,interaction::qrsbt_confidence__PLACE_AT_3,-0.024789863170540282,1.0
6,p10_utility,interaction::qrsbt_confidence__PLACE_AT_5,-0.6050002569083263,1.0
6,p10_utility,interaction::qrsbt_confidence__PLACE_AT_10,-0.3698037740084507,1.0
6,p10_utility,interaction::qrsbt_support_score__PLACE_AT_2,0.0,1.0
6,p10_utility,interaction::qrsbt_support_score__PLACE_AT_3,0.0,1.0
6,p10_utility,interaction::qrsbt_support_score__PLACE_AT_5,0.0,1.0
6,p10_utility,interaction::qrsbt_support_score__PLACE_AT_10,0.0,1.0
6,p10_utility,interaction::base_rank__PLACE_AT_2,0.06361950367587027,1.0
6,p10_utility,interaction::base_rank__PLACE_AT_3,-0.28678510175085736,1.0
6,p10_utility,interaction::base_rank__PLACE_AT_5,0.27524205355296943,1.0
6,p10_utility,interaction::base_rank__PLACE_AT_10,-0.2679976367109137,1.0
